Disease, AUC
Pleural Effusion, 0.9344892304942354
Cardiomegaly, 0.829996456413891
